,spoc,riemann,n_components,fold_idx
0,17.801101936324166,15.52630301698296,1,0
1,12.240744515802781,12.456588849469231,1,1
2,13.030709062545046,13.321340704245475,1,2
3,14.295299506916194,12.218000956793025,1,3
4,15.55036216467415,13.040762354816906,1,4
5,14.197400323965999,13.926471920296672,1,5
6,13.145020584840475,13.23965360484338,1,6
7,13.964524672026892,13.11557668651713,1,7
8,15.217279319732075,14.318345040214782,1,8
9,12.682031516074778,13.130635828035661,1,9
0,18.366618347352116,14.202487253589036,2,0
1,12.149112080932886,12.801425350663427,2,1
2,11.799278556886721,11.555661934620932,2,2
3,12.609273247811428,12.230509907610589,2,3
4,12.838551842330771,11.779611247375946,2,4
5,13.675483037979639,13.043335968754203,2,5
6,13.861677045763056,12.484780355831981,2,6
7,13.039041694745258,11.86624147608313,2,7
8,13.651943925288831,12.760893242943249,2,8
9,11.13149311090386,12.127797956105704,2,9
0,16.99377376903885,12.156147882359559,3,0
1,12.195530637598171,12.130279627091,3,1
2,10.798310512698869,10.79263699900344,3,2
3,11.866652979216662,10.126886528165198,3,3
4,12.115664887299923,11.077670462923198,3,4
5,12.646962689672012,11.955794336266274,3,5
6,13.233577493758446,11.487578252338855,3,6
7,12.417950835234672,10.363176526771685,3,7
8,12.587717774158579,11.321437524779807,3,8
9,10.665206608336028,10.588323076457549,3,9
0,17.130534591426017,10.911825211434904,4,0
1,12.293819239004547,11.272844640306046,4,1
2,10.859442482313808,9.134573189541124,4,2
3,12.268446228335325,9.825441784977436,4,3
4,11.912399652357855,9.928819298437638,4,4
5,12.125521060494197,11.613824566510315,4,5
6,13.080944065668463,10.977625148549727,4,6
7,11.958097698988698,9.43044384454773,4,7
8,12.868896901984899,9.069762651073246,4,8
9,11.217735943253931,10.27936096223351,4,9
0,15.49502191365078,10.752057007198045,5,0
1,12.217678576010872,11.883944839337675,5,1
2,11.438977805701727,9.106072594450616,5,2
3,12.11849993272443,10.342403856324601,5,3
4,11.959156161355052,10.008318322794176,5,4
5,12.179582604499641,11.232945359417675,5,5
6,13.0641167546,11.012213750640873,5,6
7,12.399192436098668,9.664444733934223,5,7
8,13.547116145850303,9.28496690722297,5,8
9,12.309435206327601,9.903165087728485,5,9
0,15.323328143875083,9.87270666290073,6,0
1,11.503039909207759,11.256679428029315,6,1
2,11.768527580967016,7.777319623973609,6,2
3,11.455963284388138,10.259353583085101,6,3
4,11.48468830215192,10.314104425545217,6,4
5,11.800758901989026,11.275679668903752,6,5
6,12.666168649049881,10.593042176687844,6,6
7,11.749534220778953,8.654855008599581,6,7
8,13.142068077612647,9.55267243228853,6,8
9,12.464311298765102,9.558306884772668,6,9
0,14.723123778373559,9.704762727854257,7,0
1,11.553995825572805,10.566989854532205,7,1
2,11.010857648184436,7.509743258157914,7,2
3,10.771704121799143,10.083952156584987,7,3
4,11.683225745030207,9.647070826613321,7,4
5,11.914617191709402,10.568815691700925,7,5
6,12.857522642093276,10.772401556889935,7,6
7,11.943876680819738,8.859802219144706,7,7
8,12.868418400001739,9.455706254015391,7,8
9,12.579982465081006,9.661861660179794,7,9
0,14.686151578306397,8.958089829529657,8,0
1,11.003571932898135,10.38521435293959,8,1
2,11.038787605103321,7.029395433221023,8,2
3,10.565229870802222,9.332977115174554,8,3
4,11.294805017499964,9.410176836834243,8,4
5,11.803770384141076,9.691008378914344,8,5
6,12.805493077550103,10.59096283277051,8,6
7,11.625793249758301,8.807767377245504,8,7
8,12.766497507771113,9.9853072257583,8,8
9,12.17143672322038,10.185068054789873,8,9
0,14.4196825445298,9.068290402667296,9,0
1,11.11770168117247,9.743159890847275,9,1
2,10.653390671100022,7.107042384915445,9,2
3,10.392837653274487,9.025370405260942,9,3
4,11.618818034910184,9.476682354746986,9,4
5,11.766784501165656,9.803861484596673,9,5
6,11.884589024453556,10.010592314925955,9,6
7,11.564556957367984,9.080506029846067,9,7
8,12.752325634330846,9.584798535981427,9,8
9,12.125823634918897,9.607579571717697,9,9
0,14.329477110328503,8.892949138810632,10,0
1,11.19782470205441,10.222369331992736,10,1
2,10.291306236828836,7.01795186583598,10,2
3,10.53959770976881,9.415306212427229,10,3
4,11.651390992706217,9.047502101661166,10,4
5,12.05836182338098,9.578073034236102,10,5
6,11.915005269535092,10.281496554979174,10,6
7,11.66213663512611,8.988962351665583,10,7
8,12.622541210592052,9.695970763999163,10,8
9,11.649063483905186,9.874917746433926,10,9
0,14.356081939798765,7.985498618946887,11,0
1,11.010587687959145,10.181932021010885,11,1
2,10.04006160424358,6.969203465499794,11,2
3,10.650148083981444,9.038648833434303,11,3
4,11.465889761866059,8.80830072891964,11,4
5,11.901428264601225,9.506824880195449,11,5
6,11.930116017747489,9.781651530992052,11,6
7,11.719530499154077,9.057729220528268,11,7
8,12.54902121273772,9.594878685191647,11,8
9,11.770800289432417,9.979206159949047,11,9
0,14.32088165780175,8.432582797577899,12,0
1,10.975546233961786,10.148580099687905,12,1
2,10.111167295779037,6.830412140350444,12,2
3,10.691962718565794,8.785914164707602,12,3
4,11.501645365953664,8.8827779022074,12,4
5,11.786912268279178,9.841617135771761,12,5
6,11.901827974417793,10.076665423654806,12,6
7,11.434862507189155,9.319761278005984,12,7
8,12.507445234739954,10.143664173075141,12,8
9,11.809102686075768,9.899174806165755,12,9
0,14.28781688865061,8.930708102200507,13,0
1,11.026562584844385,10.655051847030718,13,1
2,9.91849649306056,7.241613134234445,13,2
3,10.867990607065382,9.221949115703962,13,3
4,11.716027117205961,8.553223837948815,13,4
5,11.780034874263912,10.416358811467232,13,5
6,12.147043347126312,10.021448849633465,13,6
7,11.070572048848517,9.660059315709264,13,7
8,12.561439336261481,10.462324769028355,13,8
9,11.611349858924259,9.878583061883488,13,9
0,14.081453532717584,9.16416656706804,14,0
1,10.941794787200816,10.790709750657543,14,1
2,10.09015637788473,7.600873126867478,14,2
3,10.947111293659757,9.265398319677207,14,3
4,11.780258316595642,9.129368038009401,14,4
5,11.730348963688387,10.347356269220503,14,5
6,12.225867484075215,9.777943530964256,14,6
7,11.038937505224904,9.09881767887264,14,7
8,12.515898499471525,10.167621831471195,14,8
9,11.665333592248807,9.90501370325305,14,9
0,14.24402647728964,8.920778309868679,15,0
1,11.136925570940466,10.3971803144253,15,1
2,10.140128381789642,7.80769318879474,15,2
3,11.039044739587158,9.30133815109117,15,3
4,11.999962623457726,9.146153705145528,15,4
5,11.762107464170025,10.067502941969448,15,5
6,12.264781262958453,9.429905043727834,15,6
7,10.83753622794731,8.790326090485074,15,7
8,12.563539768238774,9.858464216428315,15,8
9,11.8060636760214,9.850719310704067,15,9
0,13.969129425468234,8.658091806141664,16,0
1,11.073028740251281,10.343608721630753,16,1
2,10.350973895274839,7.669553129515934,16,2
3,10.987996567030427,9.182431514033022,16,3
4,11.962803829997942,8.79035741460201,16,4
5,11.684349120661288,10.019954964188523,16,5
6,12.250919012035455,8.9149114888495,16,6
7,10.770943924750094,8.584926231208339,16,7
8,12.477357511222266,9.700670229080435,16,8
9,11.987346260661214,9.513764741300871,16,9
0,13.731778906181095,9.016426415421911,17,0
1,11.021253742001791,10.036444207436654,17,1
2,10.538573491937182,8.051686688879224,17,2
3,10.933350295063327,9.030745742450433,17,3
4,11.839339830252525,9.108626180821362,17,4
5,11.600447059001901,10.149413044608556,17,5
6,12.006240776104319,8.695987249815145,17,6
7,10.741819768683547,8.585978480436166,17,7
8,12.45041704343395,9.771973535688767,17,8
9,11.927303549850272,9.139445797010561,17,9
0,13.473484764137186,9.059211434380172,18,0
1,11.135353278183125,9.827756670934434,18,1
2,10.552592223207474,8.317700849428238,18,2
3,11.03296638196429,9.267847427217932,18,3
4,11.698552808075767,8.986270260747308,18,4
5,11.835828563253413,10.31899587117784,18,5
6,11.909526578209826,8.70590002945954,18,6
7,10.61710618650547,8.493169684216342,18,7
8,12.247535236008508,9.881596408079343,18,8
9,11.733456308348185,9.56116240137743,18,9
0,13.3755290677793,9.291473815312786,19,0
1,11.210593207416576,9.668545561663326,19,1
2,10.53439043783197,8.026304830233357,19,2
3,11.059770249471223,9.27503542542621,19,3
4,11.851181293996964,9.06235440220956,19,4
5,11.944994909312353,10.72148296376426,19,5
6,11.916293281105721,8.680724482614043,19,6
7,10.802311245983121,8.574003060002884,19,7
8,12.544572299355593,10.060985598663665,19,8
9,11.560758700513805,10.059722492129778,19,9
0,13.428212850257127,10.040269696185476,20,0
1,10.994357085850941,9.547549650487541,20,1
2,10.519779691731298,8.044817944153978,20,2
3,10.849551046285113,9.046899103147744,20,3
4,11.825324688615991,9.49618339485921,20,4
5,11.93804486401463,10.66100581204342,20,5
6,11.777098311181998,8.615226324992554,20,6
7,10.55004160249839,8.77252876837933,20,7
8,12.531858797633756,10.223890413616804,20,8
9,11.459896140687011,9.85267963955261,20,9
0,13.354971375491889,10.011682706535417,21,0
1,10.987961085853833,9.703523912134816,21,1
2,10.717654453669248,8.099175761359714,21,2
3,10.908929854036542,9.50067242496834,21,3
4,11.67662102189413,9.66927640026553,21,4
5,11.863730233654628,10.778796511035438,21,5
6,11.871607061095611,8.625801991392848,21,6
7,10.58026732411741,8.794926185224176,21,7
8,12.734013619846328,10.352594238122538,21,8
9,11.355621584415827,10.09698077651592,21,9
0,13.397441084018693,10.356897517573683,22,0
1,11.033181366803348,9.24678531765522,22,1
2,10.702976955657883,7.996433957617325,22,2
3,10.88946590200913,9.640825207688042,22,3
4,11.707571454864764,9.519059755593267,22,4
5,11.841194900037406,10.503319913250847,22,5
6,11.848400895281763,8.360423902361727,22,6
7,10.601460528122413,8.74126163801986,22,7
8,12.723901300573077,10.269237801587115,22,8
9,11.42982522471168,9.687693126535748,22,9
0,13.289704286609025,10.59271830395859,23,0
1,11.13475049683513,9.685838713745195,23,1
2,10.984517886618795,8.049208784292649,23,2
3,11.001829209444226,9.572458504385285,23,3
4,11.653688419808276,9.20930549075317,23,4
5,11.899163539615865,10.309803372924952,23,5
6,11.955463227863255,8.453310786051967,23,6
7,10.440629571341566,8.491659207461218,23,7
8,12.678373794181457,10.327902121281472,23,8
9,11.680738285256322,9.549311892615256,23,9
0,13.399123410170063,10.511478341367438,24,0
1,11.23261085067148,9.292286690308144,24,1
2,10.863236431722093,8.076085084335913,24,2
3,11.38742176673882,9.105839082258884,24,3
4,11.67848880413175,8.920328786651616,24,4
5,11.928556049214727,10.203480067002676,24,5
6,12.023664864928444,8.373444991355214,24,6
7,10.614672608616393,8.617174137999283,24,7
8,12.54582229435528,10.199259587771069,24,8
9,11.564642707122395,9.510381170823669,24,9
0,13.509016338295176,10.303210607472854,25,0
1,11.224539124274107,9.289193514527144,25,1
2,11.02869208489948,8.182136838794055,25,2
3,11.573573211864328,9.00904767948879,25,3
4,11.85776028795928,9.074006692285366,25,4
5,11.982796234460551,10.086032390960684,25,5
6,12.001232814997023,8.686034708811933,25,6
7,10.656960277495012,8.793244415802217,25,7
8,12.502422690759822,10.290628285444317,25,8
9,11.750259567706085,9.555853431835411,25,9
0,13.39176554511089,10.542235217900652,26,0
1,11.276271862677406,9.559708586459188,26,1
2,11.01105358377646,8.251584958805543,26,2
3,11.69662204698992,9.121266836561501,26,3
4,11.882137318797465,9.232797661741449,26,4
5,12.044584556410586,10.337929802504211,26,5
6,12.016885489146684,8.982670459490025,26,6
7,10.729138744628663,9.153552157086397,26,7
8,12.553190900454249,10.065672131282424,26,8
9,11.601640512248975,9.563208100243205,26,9
0,13.472457403850532,10.872122265110791,27,0
1,11.24904423183697,9.514452187534877,27,1
2,11.104542389130762,8.241126670411445,27,2
3,11.58715346030739,9.289714349402685,27,3
4,11.79604150046794,9.388058090997912,27,4
5,12.022690367486428,10.330690085354231,27,5
6,12.102661266642507,9.141123563430462,27,6
7,10.895261449979483,8.954086041787868,27,7
8,12.616532289754405,10.305303596892575,27,8
9,11.597092141028973,9.807881483506062,27,9
0,13.47900061205524,10.948351391254755,28,0
1,11.262320263869178,9.358521034262784,28,1
2,11.065485263608496,8.437749597443801,28,2
3,11.58972505664115,9.261123983789608,28,3
4,11.716672579474054,9.737655879965786,28,4
5,12.08782039819877,10.347692992658773,28,5
6,11.869259663395532,9.330427280200176,28,6
7,10.901363929443514,8.787060545111558,28,7
8,12.499368436246192,10.293323889730038,28,8
9,11.522919059978566,9.659330904730338,28,9
0,13.559507417948279,11.129745593329206,29,0
1,11.298835412338494,9.263094903584838,29,1
2,11.148093649416191,8.582269894603511,29,2
3,11.68157277504051,9.109664656065545,29,3
4,11.729248654953418,9.740954009044394,29,4
5,12.018018153867759,10.537881380699103,29,5
6,11.468409169346208,9.126728255746734,29,6
7,10.934808773641036,8.88588916151761,29,7
8,12.510502219666876,10.161609739095987,29,8
9,11.613140003807528,9.669813340224371,29,9
0,13.531296918478725,11.173072326118703,30,0
1,11.377548293017872,9.125174879144515,30,1
2,11.039325177110378,8.786206014607204,30,2
3,11.691806066492997,9.328918227754734,30,3
4,11.780315593302825,10.164644301284984,30,4
5,12.061832858402493,10.485366226603725,30,5
6,11.544199068237038,8.922658060769653,30,6
7,10.84352803309918,8.765000604017503,30,7
8,12.498856071949774,9.938008355306689,30,8
9,11.730947733945266,9.835604042534605,30,9
0,13.526981228382986,11.158592519939626,31,0
1,11.377703295358378,9.17751573555935,31,1
2,11.095318020802805,8.597931487232563,31,2
3,11.695625694696338,9.394197835520206,31,3
4,11.769843132336206,10.401077384361802,31,4
5,12.057866175716088,10.690550610759914,31,5
6,11.616985606262697,8.86564600364065,31,6
7,10.874629972914525,8.556570651958573,31,7
8,12.563422649618477,10.019935087107779,31,8
9,11.681740333133167,9.926145519982471,31,9
0,13.468907314449345,11.160241187527758,32,0
1,11.309585672256732,9.422238178927355,32,1
2,11.163754270646661,8.588791612366657,32,2
3,11.66756306554717,9.659364573028245,32,3
4,11.725156271361069,10.516027463090353,32,4
5,11.91716146205284,10.679333182586777,32,5
6,11.625093106419293,8.972634798487597,32,6
7,10.900840855571996,8.775561334677358,32,7
8,12.582122987701247,10.008616078910583,32,8
9,11.49273046400955,10.194061561710809,32,9
0,13.747972974429494,11.254091195612396,33,0
1,11.38829742752783,9.606661089535963,33,1
2,11.488199553015853,8.755362810823515,33,2
3,11.638334292781865,9.80249369466944,33,3
4,11.787271564490934,10.493558578954717,33,4
5,11.83879080239807,10.751236766658671,33,5
6,11.588550907531813,9.083019492088072,33,6
7,10.846814771955897,8.536008103094645,33,7
8,12.405363513278525,10.323348673315383,33,8
9,11.283575892416104,10.520739873017815,33,9
0,13.66581033650449,11.186182869031825,34,0
1,11.401581010804597,10.010050533780134,34,1
2,11.37548600452528,8.938874494744816,34,2
3,11.65714924848333,9.892931990288497,34,3
4,11.806567601273112,10.530388462357108,34,4
5,11.896263419227314,10.648970879313698,34,5
6,11.638918160658005,9.032310474862387,34,6
7,10.87847674520416,8.59800992858629,34,7
8,12.42482492589456,10.3958135806848,34,8
9,11.343729147183893,10.54329304808022,34,9
0,13.850422216417796,11.103415587722543,35,0
1,11.429938518288013,10.176693710174684,35,1
2,11.271404320733854,8.746586027603778,35,2
3,11.504042579357575,10.158762285108415,35,3
4,11.75692406686163,10.370509979406824,35,4
5,11.94675851957029,10.770480206736455,35,5
6,11.72345974815849,9.000529482759111,35,6
7,10.928374013915947,8.688954629476223,35,7
8,12.574460300486646,10.54550153495291,35,8
9,11.168367933017405,10.621634385814268,35,9
0,13.915670475090279,11.135082327068153,36,0
1,11.475708676319243,10.307900562564393,36,1
2,11.252273185990028,8.79327604299573,36,2
3,11.4119834066574,10.196571299388438,36,3
4,11.952328498825722,10.505953120177502,36,4
5,11.947638824912598,10.734095181598892,36,5
6,11.640533965083158,8.978136430717862,36,6
7,10.881367578811822,8.79399792859369,36,7
8,12.56672475248518,10.720015212038085,36,8
9,11.015237822099126,10.66183572138701,36,9
0,13.933851103800531,11.293331472494799,37,0
1,11.514824957993293,10.415010338116513,37,1
2,11.119200150579566,8.717596561170643,37,2
3,11.451516409639446,10.243252244665365,37,3
4,11.955967633369593,10.557939074742908,37,4
5,12.008186392505367,10.930529332579436,37,5
6,11.697517887720895,9.084062927929724,37,6
7,10.755759540563561,8.870538250471434,37,7
8,12.565036950660941,10.79539211063022,37,8
9,11.066595052117597,10.71477950992439,37,9
0,13.883485002957308,11.102169320838504,38,0
1,11.495585585454789,10.4768348608571,38,1
2,11.14875290729469,8.969241649351538,38,2
3,11.49507639223823,10.292311888112803,38,3
4,12.034833943829005,10.578382349830271,38,4
5,12.034871167593451,11.068739074138,38,5
6,11.774779753447119,9.286721726836495,38,6
7,10.916404199710993,9.162347574629718,38,7
8,12.592573325352129,10.707174011558704,38,8
9,10.999579556192318,10.656036309387764,38,9
0,13.924440835094853,11.130270958454814,39,0
1,11.569396696597497,10.402722357919096,39,1
2,11.189904742873678,9.098887614848556,39,2
3,11.464994960794662,10.37262725195806,39,3
4,12.0554004391058,10.582974638056545,39,4
5,12.068769861836001,11.13592799456104,39,5
6,11.818887785292842,9.283192727781808,39,6
7,11.090270891387851,9.189815335291405,39,7
8,12.591517920350354,10.900759321368087,39,8
9,11.057371519049573,10.660553806224948,39,9
0,14.015371575144654,11.06780237303843,40,0
1,11.7468542557162,10.42934113645435,40,1
2,11.176968869383469,9.089818383318043,40,2
3,11.507269134297479,10.336252726131535,40,3
4,12.099523810006975,10.50025147892166,40,4
5,12.066318832714808,10.921253945763588,40,5
6,11.82261629299091,9.401558518113724,40,6
7,11.00773160507074,9.150723815655502,40,7
8,12.48939217124771,10.762371587697062,40,8
9,11.091655611499572,10.725513877575672,40,9
0,13.951413502040673,11.034511135525763,41,0
1,11.841822710114632,10.368678513773384,41,1
2,10.949841327962504,9.049779657889383,41,2
3,11.63364639363128,10.335157419312322,41,3
4,12.087576078497136,10.780005148014991,41,4
5,12.264426414914805,10.772752832053325,41,5
6,11.78858344884718,9.448108809294137,41,6
7,11.144323029757738,9.211141126033784,41,7
8,12.554325897854415,10.898556726581237,41,8
9,11.059385387730426,10.712493794275364,41,9
0,14.038660531251404,11.05311606668365,42,0
1,11.873020175215192,10.358304812383567,42,1
2,10.898467948271085,8.931916855950242,42,2
3,11.689474819867003,10.582762162834763,42,3
4,11.99214504270041,11.011875755482459,42,4
5,12.136605864254815,10.640012661209534,42,5
6,11.836019084036312,9.268722824020822,42,6
7,11.236045515144108,9.162246980405207,42,7
8,12.612167900949409,11.070621111553944,42,8
9,11.246593849574452,10.802821575527636,42,9
0,14.115875538672123,11.134517879771886,43,0
1,11.850044163860996,10.330870798986401,43,1
2,10.914705645262282,8.932628187653354,43,2
3,11.687586514256662,10.61688977961062,43,3
4,11.992043205590237,11.105648660565146,43,4
5,12.171831025464883,10.9300855330425,43,5
6,11.822819480326427,9.341890987735864,43,6
7,11.215797671972393,9.254213826009526,43,7
8,12.512960339329956,10.896996174505095,43,8
9,11.264316992928135,10.635481172670785,43,9
0,14.10756539482374,11.066087343342275,44,0
1,11.809256310856233,10.510155184496796,44,1
2,10.99002857258003,8.951158685384392,44,2
3,11.405963612624356,10.714542397087005,44,3
4,11.959167667385236,11.239765597289846,44,4
5,12.16113862541494,11.143066068178436,44,5
6,11.877987031083574,9.441499132050122,44,6
7,11.288087833922747,9.379517050475984,44,7
8,12.544756531423912,10.958913450595363,44,8
9,11.439604649025018,10.8015250912609,44,9
0,14.07341902410351,11.06691812865592,45,0
1,11.847745700885989,10.683886543533793,45,1
2,10.920188058118192,8.878068485468226,45,2
3,11.383725703884977,10.800291444986241,45,3
4,12.010772585175324,11.420093163728966,45,4
5,12.253248627048816,11.13186854503448,45,5
6,11.935900741584469,9.545513105405451,45,6
7,11.257599274785873,9.470046095963404,45,7
8,12.626630962439192,11.125066424048839,45,8
9,11.381838935977463,10.754780427801345,45,9
0,14.06273309707522,11.107453890784491,46,0
1,11.737651894783161,10.705868562514087,46,1
2,10.990728020798402,8.891636630144335,46,2
3,11.574072986141687,10.837514341805235,46,3
4,11.996675813352986,11.393264015433974,46,4
5,12.256120359688566,11.085732003933591,46,5
6,11.96355673083125,9.497573052893788,46,6
7,11.265863729060708,9.47668281173225,46,7
8,12.63998786759552,11.257671988270745,46,8
9,11.35577355675921,10.896162503846602,46,9
0,14.08907525480604,11.003710795336037,47,0
1,11.717434327013596,10.787422544560851,47,1
2,11.158475442409527,8.891263053141037,47,2
3,11.618317872956219,10.895451037124888,47,3
4,11.992271878009278,11.449740168133594,47,4
5,12.236812528250946,11.215383141058094,47,5
6,12.018677764837387,9.454239117818702,47,6
7,11.292408734279897,9.429991641996894,47,7
8,12.774863400285737,11.228985591272112,47,8
9,11.44704764265934,11.00960082244543,47,9
0,14.073330250812715,11.035082525596348,48,0
1,11.78716362657941,10.749757730221914,48,1
2,11.146580320905612,8.944698548768828,48,2
3,11.677500787035457,10.9186434369193,48,3
4,11.99841270469647,11.575186667683559,48,4
5,12.323809170294743,11.141209292503687,48,5
6,12.005294800389464,9.550860690586285,48,6
7,11.288096706178997,9.362565778323335,48,7
8,12.766396089472602,11.314835288617713,48,8
9,11.427098725379057,11.093848121105218,48,9
0,14.150982800692555,11.05006280170451,49,0
1,11.684093551900363,10.921875815471958,49,1
2,11.199703896581443,9.126851981483956,49,2
3,11.827612448199243,10.85091010488335,49,3
4,11.993539821782731,11.66136396389285,49,4
5,12.333727338886657,11.136277022489605,49,5
6,12.007613022540843,9.617610747219878,49,6
7,11.150215202998139,9.19786179574769,49,7
8,12.800097022085662,11.330409397024535,49,8
9,11.470272061218898,11.042131672356467,49,9
0,14.175407255046286,11.145321980282302,50,0
1,11.632224163070374,10.721104880238743,50,1
2,11.107421649681458,9.196575457993134,50,2
3,11.85369232332518,10.773330623227713,50,3
4,11.926852634370592,11.559100306664758,50,4
5,12.227311570080657,11.178517217658516,50,5
6,11.943098020734425,9.733992550441297,50,6
7,11.220796185773057,9.31676061054063,50,7
8,12.813682796939876,11.508977897971862,50,8
9,11.470105596208473,10.998957988211775,50,9
0,14.176380959318157,11.282067129764057,51,0
1,11.61897025209653,10.688435500071622,51,1
2,11.154491373117644,9.260301461955331,51,2
3,11.940302740970758,10.780714046205237,51,3
4,11.716270033448376,11.547896798850898,51,4
5,12.241853321420495,11.090109929416302,51,5
6,12.066097347012256,9.745657717999146,51,6
7,11.18195958339956,9.16711458230169,51,7
8,12.793426346331964,11.492820988046592,51,8
9,11.577399870553515,11.155910102136527,51,9
0,14.197761302659377,11.295236620242516,52,0
1,11.654934770069394,10.833725835532265,52,1
2,11.095650758781737,9.454916110646048,52,2
3,11.993171664649465,10.968927235541662,52,3
4,11.712029787511165,11.55166487497514,52,4
5,12.283158174174314,11.215987052036997,52,5
6,12.094066839701604,9.855849359571996,52,6
7,11.270613717511006,9.125969218809102,52,7
8,12.7899712704269,11.527981433613471,52,8
9,11.730894623117111,11.106577164413018,52,9
0,14.154798502189502,11.449226967333392,53,0
1,11.706515559579834,10.77694784251142,53,1
2,10.934986868606538,9.46861067043088,53,2
3,11.968120362101,11.0083793683497,53,3
4,11.68081690233909,11.501035860802842,53,4
5,12.460034567339497,11.210499013844593,53,5
6,12.094179686951305,9.971630070808212,53,6
7,11.257796976130344,9.112166920779709,53,7
8,12.865168632093765,11.66270227178449,53,8
9,11.768890195946732,11.112414582921994,53,9
0,14.232884251306428,11.425061564040835,54,0
1,11.713467650402638,10.805847550843094,54,1
2,10.905960697120696,9.477772625379638,54,2
3,12.005483429780355,10.890128850459428,54,3
4,11.612437672411188,11.597871799151928,54,4
5,12.398423943623746,11.16773865766626,54,5
6,12.032647604069327,10.03958628612449,54,6
7,11.29772434568692,9.2826041883328,54,7
8,12.894424952758031,11.822201638218559,54,8
9,11.764893691103712,11.073601055588648,54,9
0,14.247875029591894,11.33592416407228,55,0
1,11.648423429681815,10.845175099844063,55,1
2,10.744245747085385,9.554852516761505,55,2
3,11.92539994944819,11.000928254013834,55,3
4,11.679739634575235,11.629351420302195,55,4
5,12.367235145594131,11.231212123403195,55,5
6,12.141727173479069,10.012497402262628,55,6
7,11.278409727570004,9.202621613007373,55,7
8,12.944736796033835,11.759936640034729,55,8
9,11.853438030962463,11.049811292901275,55,9
0,14.267560060810657,11.389791029381703,56,0
1,11.653076414353295,10.75546520603832,56,1
2,10.717534636130322,9.59773666295376,56,2
3,11.899808645535717,11.05528127825861,56,3
4,11.749617622403996,11.688945306025895,56,4
5,12.389847289503216,11.159619877531034,56,5
6,12.118344630527094,10.028269768441756,56,6
7,11.213009059734071,9.1334189940504,56,7
8,12.884635836638761,11.762871815424592,56,8
9,11.832382326992047,11.063418096123012,56,9
0,14.372036258954394,11.339571864564224,57,0
1,11.732142148667672,10.709346573656827,57,1
2,10.801904139581952,9.674031956981663,57,2
3,11.880435485977829,11.007756270163478,57,3
4,11.784087729704497,11.7141243164362,57,4
5,12.31409646039078,11.053629736736694,57,5
6,12.166986242001984,10.098270227453229,57,6
7,11.26148230947561,9.173930057471008,57,7
8,12.860326464254918,11.66260155093536,57,8
9,11.88517901503661,11.185715730326613,57,9
0,14.342414782362226,11.428169751565816,58,0
1,11.663745420643915,10.684694329512649,58,1
2,10.857030046710856,9.676271820081066,58,2
3,11.900160996360471,11.027578354667801,58,3
4,11.757711988185491,11.752149897839626,58,4
5,12.322889915131462,11.022498504972113,58,5
6,12.124368666545239,10.085079022494194,58,6
7,11.244541567593862,9.126252099836611,58,7
8,12.856123429760242,11.72929893037742,58,8
9,11.693489612978592,11.234454448807394,58,9
0,14.241366538297756,11.331730450457817,59,0
1,11.638495498791183,10.654293232554233,59,1
2,10.84775057120739,9.79365666029357,59,2
3,11.901978073380336,11.064566455297138,59,3
4,11.754338363595393,11.610449604890643,59,4
5,12.29846263804012,10.902871016229899,59,5
6,12.128229374351683,10.088576205336759,59,6
7,11.280425185876954,9.193907410199223,59,7
8,12.892454400311655,11.67422551166816,59,8
9,11.693587163949365,11.236389885194404,59,9
0,14.253072985744229,11.200213688111301,60,0
1,11.68520824382917,10.534192996013887,60,1
2,10.890801281057241,9.8421781197705,60,2
3,11.896240950952967,11.082881005392712,60,3
4,11.743495326046547,11.52977221105062,60,4
5,12.286780568332551,10.786473322905142,60,5
6,12.148939558052746,10.055023699771358,60,6
7,11.297415326401914,9.189938979255292,60,7
8,12.928739791279817,11.63758546068549,60,8
9,11.652222761436324,11.24665582058146,60,9
0,14.162057017279357,11.252555484768472,61,0
1,11.662596677694541,10.578097627537126,61,1
2,10.926059012779499,9.764761408911294,61,2
3,11.950278792582933,11.084745641360742,61,3
4,11.72312758228559,11.36513786539008,61,4
5,12.32654340488836,10.789378568776671,61,5
6,12.10212773116322,10.040451375574072,61,6
7,11.298852808253388,9.124858579866482,61,7
8,12.966908344995494,11.597275048502924,61,8
9,11.684344716577568,11.140019449939121,61,9
0,14.11751566476878,11.246334467136709,62,0
1,11.675554106176357,10.597796900405445,62,1
2,11.06038502426746,9.816146561927518,62,2
3,11.934713045491996,11.225163221062369,62,3
4,11.724836206332172,11.393980497428565,62,4
5,12.359376739396938,10.865365331948814,62,5
6,12.047716281403707,9.988541068720394,62,6
7,11.230498018605202,9.105614453638651,62,7
8,12.929501276459343,11.769926739942637,62,8
9,11.75587041391373,11.031808636850322,62,9
0,14.267002436858009,11.119355821075043,63,0
1,11.645988528495403,10.582918341814265,63,1
2,11.077049443240291,9.817702571269743,63,2
3,11.869713376394028,11.337423304872152,63,3
4,11.683491078952603,11.263381147651078,63,4
5,12.433965192135455,10.92829591068894,63,5
6,11.939186091442545,9.941063932674814,63,6
7,11.328349723865395,9.179321542630985,63,7
8,12.983371233110319,11.721288508301264,63,8
9,11.764500201197354,11.148942406943927,63,9
0,14.20817258426918,11.123773393211929,64,0
1,11.654881446611439,10.52230347407532,64,1
2,11.058737226442805,9.804393140427578,64,2
3,11.867256981412295,11.269975733913817,64,3
4,11.717511593616024,11.302932301868704,64,4
5,12.508483935303103,10.975849707368658,64,5
6,11.966569412788868,10.066447510315012,64,6
7,11.295215724043297,9.18372794608103,64,7
8,13.020421446100405,11.7152769170187,64,8
9,11.742739261438741,11.128937096727752,64,9
0,14.1931099104655,11.201257537864509,65,0
1,11.663740176597308,10.56718958727703,65,1
2,11.03766442435545,9.831549609223481,65,2
3,11.82815579660561,11.264466490999212,65,3
4,11.75676055453962,11.200127059814124,65,4
5,12.435503589898937,10.933380206863655,65,5
6,11.95287446630841,10.127394263581603,65,6
7,11.380335729652582,9.247040207921582,65,7
8,13.024553690803215,11.682358261381092,65,8
9,11.767404478457015,11.133684571323956,65,9
0,14.239306432160701,11.221004392748425,66,0
1,11.665397872976966,10.61797549066131,66,1
2,11.047136940184172,9.959058773124472,66,2
3,11.886890079763068,11.336315361225832,66,3
4,11.741534490938289,11.163361443364943,66,4
5,12.365997838721652,10.88148694127754,66,5
6,12.007279387527213,10.125545537813327,66,6
7,11.406242857831753,9.154109872157727,66,7
8,13.02787244721016,11.747513444025397,66,8
9,11.694381250451276,11.21166610602151,66,9
0,14.26150048971965,11.196882365937837,67,0
1,11.690063711682408,10.618726900356052,67,1
2,11.021379610027326,9.99375503451241,67,2
3,11.892390771290843,11.27497116200596,67,3
4,11.731802448392886,11.169874770609832,67,4
5,12.360140218347446,10.857579385897823,67,5
6,11.912029708192442,10.123161352203399,67,6
7,11.402000381457576,9.149862779282493,67,7
8,13.004106548002625,11.742284881990265,67,8
9,11.692285796928696,11.357515189027582,67,9
0,14.194948932423632,11.193222305956517,68,0
1,11.682567069198269,10.566750139260161,68,1
2,11.030143374833637,10.037083750642951,68,2
3,11.962414921151996,11.216274925557324,68,3
4,11.722606397216916,11.019362383336977,68,4
5,12.298350915524196,10.930486641460396,68,5
6,11.894179761554975,10.177024027372791,68,6
7,11.3968540429755,9.135607600329571,68,7
8,13.002203175446681,11.678110268139973,68,8
9,11.71166796319119,11.308844914103675,68,9
0,14.119390815091267,11.201381592326271,69,0
1,11.624565456035128,10.582834131734419,69,1
2,11.04092924062715,9.942524564341085,69,2
3,11.943778788574047,11.156646122810779,69,3
4,11.732389802997783,11.051441388974135,69,4
5,12.263828691186859,10.948095798523092,69,5
6,11.91354270772325,10.097047724089443,69,6
7,11.310837169346096,9.23068275302956,69,7
8,12.97693211126673,11.7494920576291,69,8
9,11.785307882147459,11.291599691587482,69,9
0,14.164020754840847,11.19682370534475,70,0
1,11.623144508410487,10.70796972523962,70,1
2,11.061274469186033,9.793096046957027,70,2
3,12.067706569655602,11.182293369309702,70,3
4,11.734953374595964,10.992163270771066,70,4
5,12.306032853778948,11.034502957021255,70,5
6,11.866278775688423,10.119167451539926,70,6
7,11.346986235902559,9.266289890402795,70,7
8,12.981936667872173,11.767947824656337,70,8
9,11.817414478244071,11.245753485632157,70,9
0,14.157323869691371,11.18854386696207,71,0
1,11.604781701667017,10.668455088377925,71,1
2,11.045304484190732,9.691678033611023,71,2
3,12.081816002020059,11.194677198557262,71,3
4,11.753856235402717,11.034332114403593,71,4
5,12.329740472294041,11.05297225754189,71,5
6,11.88655379593605,10.149013318857516,71,6
7,11.312828469631695,9.378443829659195,71,7
8,13.012815365424395,11.922038395917827,71,8
9,11.792294365953387,11.295206869425497,71,9
0,14.167072273974458,11.161587436606585,72,0
1,11.594428591008503,10.563284728861339,72,1
2,11.086426691559605,9.8167830736877,72,2
3,12.113403423614422,11.19778863828111,72,3
4,11.754167454750053,10.95540448370277,72,4
5,12.331252302994622,11.11952721060593,72,5
6,11.866809924988745,10.134551329992115,72,6
7,11.297253222112705,9.374748730272769,72,7
8,13.061892770889367,11.937239437669634,72,8
9,11.83985683832675,11.209783353940772,72,9
0,14.136636138412037,11.239190583220417,73,0
1,11.599970228692076,10.538541466326738,73,1
2,11.071481789883656,9.896374964605107,73,2
3,12.123650744581834,11.222735182823008,73,3
4,11.802973420852773,10.944264044488353,73,4
5,12.368790508406466,11.145345460378229,73,5
6,11.894765432389956,10.154453919471289,73,6
7,11.419772167437223,9.341212784566494,73,7
8,13.10216517612165,11.959481640983737,73,8
9,11.891234898092044,11.158301387904014,73,9
0,14.14836995964303,11.268147749052002,74,0
1,11.586713376636794,10.551393033126908,74,1
2,11.061374404844333,9.936988640627494,74,2
3,12.133087237275742,11.107957214329529,74,3
4,11.799506011465569,10.885082843285113,74,4
5,12.38453699051129,11.239081978804082,74,5
6,11.831732914019868,10.168259470738866,74,6
7,11.415061133069537,9.287179580417801,74,7
8,13.1218860398768,11.933068414631295,74,8
9,11.900684176248784,11.16303928589078,74,9
0,14.153645358890332,11.206625429279734,75,0
1,11.57951677423391,10.626927765462682,75,1
2,11.050370753944321,9.887519154312077,75,2
3,12.127822735279336,11.149885192175121,75,3
4,11.786916450605142,10.927656795526417,75,4
5,12.35565370194973,11.27717924486135,75,5
6,11.799167799177537,10.289594724530689,75,6
7,11.415515411035496,9.289760139520004,75,7
8,13.125663531878093,11.925738183666324,75,8
9,11.907881247585891,11.16076188538502,75,9
0,14.251765145202404,11.1392317746446,76,0
1,11.637900272055452,10.705736807707313,76,1
2,11.081931316206978,9.981308959769368,76,2
3,12.150360761385855,11.139527730842415,76,3
4,11.774427740958282,10.893743594532657,76,4
5,12.410879022360875,11.282835742440135,76,5
6,11.799567382865158,10.27769781774558,76,6
7,11.455326703839777,9.324176398485799,76,7
8,13.219106924748784,11.926382328250464,76,8
9,11.948983355524629,11.136772427056433,76,9
0,14.239743761962302,11.136044119013812,77,0
1,11.641032265015863,10.757294022100456,77,1
2,11.055091856693979,10.02584490674412,77,2
3,12.162999778937296,11.133915328002312,77,3
4,11.765546929084104,10.851959893599986,77,4
5,12.526034796556546,11.278375207311298,77,5
6,11.778215383627302,10.316318759625235,77,6
7,11.570710913848085,9.446021541405266,77,7
8,13.234296510951895,11.867379744081939,77,8
9,11.944675517154632,11.075068271295288,77,9
0,14.246871451550657,11.227516391498677,78,0
1,11.542453144307903,10.73830709975624,78,1
2,11.08680230902112,10.01668992949593,78,2
3,12.131072695654874,11.115879396344438,78,3
4,11.823670044054126,10.845141441930183,78,4
5,12.539724022937529,11.372554073096664,78,5
6,11.809591839570267,10.330199818565013,78,6
7,11.559866855200774,9.43176831636067,78,7
8,13.265738715979978,11.804315260863088,78,8
9,11.91212651358526,11.05392151728074,78,9
0,14.284041962094129,11.186749272326397,79,0
1,11.567254453255602,10.716400877433239,79,1
2,11.048193068282238,9.99237439129464,79,2
3,12.205631964266397,11.154826439645324,79,3
4,11.82388796658438,10.81748779588023,79,4
5,12.549955294935499,11.355711256967771,79,5
6,11.77169432623938,10.423747348797292,79,6
7,11.558589526311742,9.501388297331237,79,7
8,13.265350112858137,11.811061840038413,79,8
9,11.907843071767855,11.008977989606453,79,9
0,14.21450325681554,11.14789877780829,80,0
1,11.5692557610525,10.752467563355006,80,1
2,11.050409522350204,9.952814016558255,80,2
3,12.131299309310885,11.12938445703319,80,3
4,11.836070438124455,10.77036119954433,80,4
5,12.544494475772577,11.339120904798973,80,5
6,11.736418243120665,10.42537760334062,80,6
7,11.614139306779673,9.523727432944202,80,7
8,13.296246997787916,11.754498943700892,80,8
9,11.855149056920451,11.010019317257072,80,9
0,14.194551652422783,11.046057461158007,81,0
1,11.581993034486835,10.69093527244748,81,1
2,11.071356347866356,9.965869865597604,81,2
3,12.138158301588344,11.158161760058318,81,3
4,11.874353208964175,10.872592844206624,81,4
5,12.558962615025482,11.287136234670802,81,5
6,11.776704126881189,10.436501479654805,81,6
7,11.59528276779491,9.599997226850894,81,7
8,13.323957671405458,11.80696293476518,81,8
9,11.874473406313975,10.99528882861474,81,9
0,14.175912029245492,11.05369083973802,82,0
1,11.491982961139529,10.733711970813996,82,1
2,11.064562303214537,9.92295338571588,82,2
3,12.075255586463774,11.190981828102043,82,3
4,11.824963620370555,10.954883068564822,82,4
5,12.606797014704878,11.376986253127365,82,5
6,11.781474862289409,10.397977107252073,82,6
7,11.631889209894776,9.588838917750424,82,7
8,13.293685558235783,11.754557294273061,82,8
9,11.891012642454395,11.012615135650044,82,9
0,14.172137960268717,11.004362201761635,83,0
1,11.410760182123218,10.678568165736543,83,1
2,11.034080983826543,9.93335409728423,83,2
3,12.139463341541626,11.168694099876083,83,3
4,11.832438697568223,10.964864768654882,83,4
5,12.596338675341553,11.380230086994043,83,5
6,11.749663662494502,10.471443480219174,83,6
7,11.673689708183968,9.61159928671407,83,7
8,13.330072326135006,11.692131717591703,83,8
9,11.895308367963834,10.996161740023723,83,9
0,14.112078928200685,11.008147346695853,84,0
1,11.448165065014718,10.672499006320143,84,1
2,11.108622307116956,9.939320373058651,84,2
3,12.123407540557995,11.194418147268628,84,3
4,11.836311733244306,10.933623212808872,84,4
5,12.563729969539706,11.34868855725472,84,5
6,11.80698466897953,10.424654644051875,84,6
7,11.655615613396492,9.582005736082795,84,7
8,13.404959340325062,11.66334590030683,84,8
9,11.874320146403328,10.944745494280735,84,9
0,14.138693025362743,10.947357709631795,85,0
1,11.50531870246574,10.65881603359883,85,1
2,11.119925734208048,9.864887295067028,85,2
3,12.172121149901246,11.111162566168916,85,3
4,11.855272940378576,10.954883382137597,85,4
5,12.574725154011132,11.299073878669326,85,5
6,11.798521312706749,10.472227884069452,85,6
7,11.681506676489358,9.646459787474873,85,7
8,13.391084624674136,11.637192232204193,85,8
9,11.868039429056097,10.97541961093617,85,9
0,14.102114388582237,11.000605305593561,86,0
1,11.485934841066994,10.630003489837984,86,1
2,11.15762564222691,9.8953806656138,86,2
3,12.17067667011356,11.052036035809413,86,3
4,11.875869057589433,10.955229640485555,86,4
5,12.566062210069836,11.276178881011358,86,5
6,11.829768011383772,10.50135675647698,86,6
7,11.666702893620702,9.580483004286572,86,7
8,13.37902777317544,11.612206239171927,86,8
9,11.835297436278958,11.022541929077995,86,9
0,13.975881677163674,11.095715420470457,87,0
1,11.469961436587647,10.674543521943825,87,1
2,11.190248941116979,9.83010136457698,87,2
3,12.117435730094758,11.003933951501626,87,3
4,11.909993476270687,11.030464616685167,87,4
5,12.589406796677135,11.33511956314655,87,5
6,11.790986347117663,10.52547104111803,87,6
7,11.69558494581393,9.559531575318934,87,7
8,13.348470802506636,11.623167593614227,87,8
9,11.854539028741762,11.119323474791242,87,9
0,13.986221721065949,11.042184753755818,88,0
1,11.457224789702101,10.703190854610506,88,1
2,11.179833694063946,9.855268528486961,88,2
3,12.14898344091503,10.953254326731818,88,3
4,11.959888752951858,11.081849983166883,88,4
5,12.590098255634334,11.311020545130228,88,5
6,11.740102802061433,10.505628208395194,88,6
7,11.635941689801832,9.586840380208912,88,7
8,13.361544693551203,11.664279819307641,88,8
9,11.854058391555766,11.015846006195193,88,9
0,13.991273573171956,10.976121974805089,89,0
1,11.48850555704202,10.684324618416742,89,1
2,11.209200636351333,9.855821690225158,89,2
3,12.105093943117872,10.926031883573643,89,3
4,11.973650061571979,11.131811229510074,89,4
5,12.577257979112751,11.346378192025869,89,5
6,11.791480839134893,10.487459326233255,89,6
7,11.636293423508619,9.610784825854848,89,7
8,13.36148421485749,11.707961514332812,89,8
9,11.862998118299737,11.015939913501997,89,9
0,13.995023247623264,10.987312983390924,90,0
1,11.43988223063946,10.722566343808445,90,1
2,11.2253336942597,9.809881745845164,90,2
3,12.104395918126764,10.94760743998851,90,3
4,11.983536387520436,11.057395033035574,90,4
5,12.534251734764208,11.369568234185214,90,5
6,11.78933434304251,10.488168664353797,90,6
7,11.663145790346398,9.645178950328768,90,7
8,13.380466668958888,11.745604468677543,90,8
9,11.855235470308964,11.0152107130221,90,9
0,13.982308049138195,11.059946655709693,91,0
1,11.421697736119079,10.742439233543514,91,1
2,11.219731859877298,9.81838432181765,91,2
3,12.136443361241673,10.834365359875084,91,3
4,12.006500349186432,11.055217627148217,91,4
5,12.530268461938023,11.396516613747803,91,5
6,11.743016249785942,10.419950309082758,91,6
7,11.66070766216917,9.600039004530993,91,7
8,13.39092472150747,11.75107159793468,91,8
9,11.770371800069608,10.96035706268375,91,9
0,13.973194192525659,11.076978526383762,92,0
1,11.433871945862796,10.83765139944086,92,1
2,11.22256985226313,9.806950316098188,92,2
3,12.124106245909394,10.790532466326036,92,3
4,12.007158791822338,11.026548154418286,92,4
5,12.499312184221164,11.333119226838571,92,5
6,11.73361807279314,10.400167679651041,92,6
7,11.626516559799033,9.615349661150313,92,7
8,13.355985266653947,11.744231374903995,92,8
9,11.75834774738152,10.917248490360505,92,9
0,13.907196165135511,10.988338708088834,93,0
1,11.522659769116187,10.849127342517948,93,1
2,11.248185029282398,9.778610529573218,93,2
3,12.138881231657573,10.80137783562977,93,3
4,12.148965014371244,11.011357677728178,93,4
5,12.428967897199312,11.402165659105481,93,5
6,11.740008066165325,10.38183301515377,93,6
7,11.62117789055236,9.579876023158242,93,7
8,13.358013248148884,11.813269464504625,93,8
9,11.773409536090904,10.869726087875074,93,9
0,13.885456562186302,10.973433869680168,94,0
1,11.558141355049937,10.854524173279485,94,1
2,11.251456207584917,9.770687516090813,94,2
3,12.140444249867363,10.819569300597903,94,3
4,12.124676382377142,10.963480956843549,94,4
5,12.399651486859533,11.402165420395805,94,5
6,11.734909319379144,10.370977668719878,94,6
7,11.637125810467102,9.56896200643506,94,7
8,13.324819909250277,11.796249707262497,94,8
9,11.789080152191502,10.805100175190633,94,9
0,13.830917644803668,10.949763259867694,95,0
1,11.57881695626464,10.884822357152437,95,1
2,11.236494350679,9.704639929322012,95,2
3,12.125504636167104,10.819251735102107,95,3
4,12.14724273241196,10.929635564631491,95,4
5,12.385046080482587,11.367124182712086,95,5
6,11.689817622370041,10.375521090072391,95,6
7,11.607017840477818,9.55642631398028,95,7
8,13.308902715199832,11.79100078655757,95,8
9,11.788950890757214,10.725998190368422,95,9
0,13.824911706337506,10.944303503212248,96,0
1,11.576681737880937,10.908328580130062,96,1
2,11.212085479150804,9.691898419996987,96,2
3,12.120013058500136,10.894746422227485,96,3
4,12.109672033342603,10.92698748800925,96,4
5,12.38280724598886,11.337481547079275,96,5
6,11.728146299084463,10.448189368978307,96,6
7,11.63385125343395,9.531076134123602,96,7
8,13.28849789478192,11.83019486063372,96,8
9,11.81229283499017,10.67373372641668,96,9
0,13.799857091766253,10.890150906021956,97,0
1,11.56387672397568,10.937298317008485,97,1
2,11.178128503413058,9.660800249443053,97,2
3,12.103014449404249,10.826171727314051,97,3
4,12.133815488176785,10.984168113508304,97,4
5,12.350792673624523,11.338225680918217,97,5
6,11.707580154693938,10.486595764980983,97,6
7,11.621432368061956,9.61833211806059,97,7
8,13.281801122317825,11.853033975094483,97,8
9,11.778553077658906,10.716603249745699,97,9
0,13.785102095117894,10.946803879804353,98,0
1,11.558293554396169,10.978776440238903,98,1
2,11.131516081963172,9.652337080625692,98,2
3,12.073718236225028,10.898556031150058,98,3
4,12.097643234720927,10.959598057588488,98,4
5,12.358049614083294,11.376751643013439,98,5
6,11.692466628745596,10.462619367073156,98,6
7,11.628674339059957,9.644860840563664,98,7
8,13.294770302974156,11.83618656695148,98,8
9,11.765687182814052,10.672990085761239,98,9
0,13.852201328238714,10.993567762097971,99,0
1,11.533173949709305,10.981414319688446,99,1
2,11.127904853319649,9.630724208303855,99,2
3,12.054594192536689,10.931117958619202,99,3
4,12.109966522589598,10.925169862665225,99,4
5,12.385624545576583,11.345771514947014,99,5
6,11.676326693615271,10.492508268511138,99,6
7,11.646050952311432,9.765047445934638,99,7
8,13.308076975090525,11.81535142427441,99,8
9,11.783547807918838,10.73245820093541,99,9
0,13.83039563936242,11.044985933314997,100,0
1,11.517875638970002,11.073714548038335,100,1
2,11.145525346539701,9.567006239539582,100,2
3,12.031947852154051,10.910314645690507,100,3
4,12.120552719939335,10.967021550582396,100,4
5,12.448475749316538,11.334705266971232,100,5
6,11.655195479807277,10.546139333478072,100,6
7,11.599681558568507,9.674558857912508,100,7
8,13.276213261306264,11.864962946946232,100,8
9,11.764411395493914,10.746452725081584,100,9
0,13.756402189261332,11.069209723626699,101,0
1,11.547601603775052,11.100721552794358,101,1
2,11.194153723016816,9.555283648091955,101,2
3,12.03525261417405,10.943632706211835,101,3
4,12.160111646023761,10.956076729760204,101,4
5,12.44116400036528,11.35490344729085,101,5
6,11.636651425875046,10.545137595153415,101,6
7,11.652788335245065,9.7025424977495,101,7
8,13.261300635271168,11.845919771509253,101,8
9,11.721795117297793,10.70537077350078,101,9
0,13.685031282297079,11.096812501614659,102,0
1,11.549609918646553,11.134720824669122,102,1
2,11.127735091159193,9.519417871696227,102,2
3,11.975666945063107,10.947881135884693,102,3
4,12.157865919531963,10.907626324507046,102,4
5,12.447495580211667,11.357863168316277,102,5
6,11.636039674400818,10.533674518418797,102,6
7,11.638477670460967,9.712774330645901,102,7
8,13.29414302997718,11.891757586958612,102,8
9,11.703994959555123,10.670847036754214,102,9
